Names;Date of Birth;Phone;Address;Credit Card;Email
Brianna Brooks;1955-08-15;(+57) 318 814 98 10;Blackberry Street 9001;4111111111111111;b.brooks@randatmail.com
Alexander Reed;1956-08-15;(+57) 315 814 76 10;Blackberry Street 9002;5555555555554444;a.reed@randatmail.com
Luke Hamilton;1956-08-16;(+57) 312 324 87 65;Blackberry Street 9003;3530111333300000;l.hamilton@randatmail.com
Patrick Carroll;1956-08-17;(+57) 318 814 98 11;Blackberry Street 9004;6011111111111117;p.carroll@randatmail.com
Edgar Warren;1956-08-18;(+57) 315 814 76 11;Blackberry Street 9005;30569309025904;e.warren@randatmail.com
Owen Mason;1956-08-19;(+57) 312 324 87 66;Blackberry Street 9006;371449635398431;o.mason@randatmail.com
Derek Elliott;1956-08-20;(+57) 318 814 98 12;Blackberry Street 9007;4111111111111111;d.elliott@randatmail.com
Sofia Farrell;1956-08-18;(+57) 315 814 76 12;Blackberry Street 9008;5555555555554444;s.farrell@randatmail.com
Cherry Grant;1955-08-19;(+57) 312 324 87 67;Blackberry Street 9009;3530111333300000;c.grant@randatmail.com
Abraham Lloyd;1956-08-19;(+57) 318 814 98 13;Blackberry Street 9010;6011111111111117;a.lloyd@randatmail.com
Mike Hall;1955-08-20;(+57) 315 814 76 13;Blackberry Street 9011;30569309025904;m.hall@randatmail.com
Nicole Armstrong;1956-08-20;(+57) 312 324 87 68;Blackberry Street 9012;371449635398431;n.armstrong@randatmail.com
Ted Myers;1955-08-21;(+57) 318 814 98 14;Blackberry Street 9013;4111111111111111;t.myers@randatmail.com
Rebecca Cameron;1956-08-21;(+57) 315 814 76 14;Blackberry Street 9014;5555555555554444;r.cameron@randatmail.com
Caroline Kelly;1955-08-22;(+57) 312 324 87 69;Blackberry Street 9015;3530111333300000;c.kelly@randatmail.com
Jessica Harris;1956-08-22;(+57) 318 814 98 15;Blackberry Street 9016;6011111111111117;j.harris@randatmail.com
Antony Douglas;1955-08-23;(+57) 315 814 76 15;Blackberry Street 9017;30569309025904;a.douglas@randatmail.com
Heather Johnson;1956-08-23;(+57) 312 324 87 70;Blackberry Street 9018;371449635398431;h.johnson@randatmail.com
Amber Harper;1955-08-24;(+57) 318 814 98 16;Blackberry Street 9019;4111111111111111;a.harper@randatmail.com
Alfred Carroll;1956-08-24;(+57) 315 814 76 16;Blackberry Street 9020;5555555555554444;a.carroll@randatmail.com
Adrianna Tucker;1955-08-25;(+57) 312 324 87 71;Blackberry Street 9021;3530111333300000;a.tucker@randatmail.com
Charlie Payne;1956-08-25;(+57) 318 814 98 17;Blackberry Street 9022;6011111111111117;c.payne@randatmail.com
Lana Andrews;1955-08-26;(+57) 315 814 76 17;Blackberry Street 9023;30569309025904;l.andrews@randatmail.com
Alberta Campbell;1956-08-26;(+57) 312 324 87 72;Blackberry Street 9024;371449635398431;a.campbell@randatmail.com
Walter Nelson;1955-08-27;(+57) 318 814 98 18;Blackberry Street 9025;4111111111111111;w.nelson@randatmail.com
Haris Brown;1956-08-27;(+57) 315 814 76 18;Blackberry Street 9026;5555555555554444;h.brown@randatmail.com
Abraham Smith;1955-08-28;(+57) 312 324 87 73;Blackberry Street 9027;3530111333300000;a.smith@randatmail.com
Oscar Cunningham;1956-08-28;(+57) 318 814 98 19;Blackberry Street 9028;6011111111111117;o.cunningham@randatmail.com
Anna Gray;1955-08-29;(+57) 315 814 76 19;Blackberry Street 9029;30569309025904;a.gray@randatmail.com
Tyler Rogers;1956-08-29;(+57) 312 324 87 74;Blackberry Street 9030;371449635398431;t.rogers@randatmail.com
Edith Bennett;1955-08-30;(+57) 318 814 98 20;Blackberry Street 9031;4111111111111111;e.bennett@randatmail.com
Emma Ferguson;1956-08-30;(+57) 315 814 76 20;Blackberry Street 9032;5555555555554444;e.ferguson@randatmail.com
Emma Harper;1955-08-31;(+57) 312 324 87 75;Blackberry Street 9033;3530111333300000;e.harper@randatmail.com
Amy Edwards;1975-08-10;(+57) 318 814 98 21;Blackberry Street 9034;6011111111111117;a.edwards@randatmail.com
Rosie Higgins;1975-08-11;(+57) 315 814 76 21;Blackberry Street 9035;30569309025904;r.higgins@randatmail.com
Ned Armstrong;1975-08-12;(+57) 312 324 87 76;Blackberry Street 9036;371449635398431;n.armstrong@randatmail.com
Anna Anderson;1975-08-13;(+57) 318 814 98 22;Blackberry Street 9037;4111111111111111;a.anderson@randatmail.com
Alisa Henderson;1975-08-14;(+57) 315 814 76 22;Blackberry Street 9038;5555555555554444;a.henderson@randatmail.com
Evelyn Bennett;1975-08-15;(+57) 312 324 87 77;Blackberry Street 9039;3530111333300000;e.bennett@randatmail.com
Chester Brooks;1975-08-16;(+57) 318 814 98 23;Blackberry Street 9040;6011111111111117;c.brooks@randatmail.com
Luke Harrison;1975-08-17;(+57) 315 814 76 23;Blackberry Street 9041;30569309025904;l.harrison@randatmail.com
Reid Ferguson;1975-08-18;(+57) 312 324 87 78;Blackberry Street 9042;371449635398431;r.ferguson@randatmail.com
Frederick Ross;1975-08-19;(+57) 318 814 98 24;Blackberry Street 9043;4111111111111111;f.ross@randatmail.com
Camila Wilson;1975-08-20;(+57) 315 814 76 24;Blackberry Street 9044;5555555555554444;c.wilson@randatmail.com
Florrie Riley;1975-08-21;(+57) 312 324 87 79;Blackberry Street 9045;3530111333300000;f.riley@randatmail.com
Camila Rogers;1975-08-22;(+57) 318 814 98 25;Blackberry Street 9046;6011111111111117;c.rogers@randatmail.com
Amber Henderson;1975-08-23;(+57) 315 814 76 25;Blackberry Street 9047;30569309025904;a.henderson@randatmail.com
Jenna Wilson;1975-08-24;(+57) 312 324 87 80;Blackberry Street 9048;371449635398431;j.wilson@randatmail.com
Jacob Craig;1975-08-25;(+57) 318 814 98 26;Blackberry Street 9049;4111111111111111;j.craig@randatmail.com
Cadie Thompson;1975-08-26;(+57) 315 814 76 26;Blackberry Street 9050;5555555555554444;c.thompson@randatmail.com
Sophia Murphy;1975-08-27;(+57) 312 324 87 80;Blackberry Street 9051;3530111333300000;s.murphy@randatmail.com
Darcy Perry;1975-08-28;(+57) 318 814 98 26;Blackberry Street 9052;6011111111111117;d.perry@randatmail.com
Jenna Russell;1975-08-29;(+57) 312 324 87 80;Blackberry Street 9053;30569309025904;j.russell@randatmail.com
Kellan Myers;1975-08-30;(+57) 318 814 98 26;Blackberry Street 9054;371449635398431;k.myers@randatmail.com
Vanessa Scott;1975-08-31;(+57) 312 324 87 80;Blackberry Street 9055;4111111111111111;v.scott@randatmail.com
Edward Moore;1975-08-12;(+57) 318 814 98 26;Blackberry Street 9056;5555555555554444;e.moore@randatmail.com
Arianna Hall;1975-08-12;(+57) 312 324 87 80;Blackberry Street 9057;3530111333300000;a.hall@randatmail.com
Aldus Hall;1975-08-12;(+57) 318 814 98 26;Blackberry Street 9058;6011111111111117;a.hall@randatmail.com
Dainton Higgins;1975-08-12;(+57) 312 324 87 80;Blackberry Street 9059;30569309025904;d.higgins@randatmail.com
Lenny Henderson;1975-08-12;(+57) 318 814 98 26;Blackberry Street 9060;371449635398431;l.henderson@randatmail.com
Dexter Murray;1975-08-12;(+57) 312 324 87 80;Blackberry Street 9061;4111111111111111;d.murray@randatmail.com
Carina Lloyd;1975-08-12;(+57) 318 814 98 26;Blackberry Street 9062;5555555555554444;c.lloyd@randatmail.com
Antony Lloyd;1975-08-12;(+57) 312 324 87 80;Blackberry Street 9063;3530111333300000;a.lloyd@randatmail.com
Roman Tucker;1975-08-12;(+57) 318 814 98 26;Blackberry Street 9064;6011111111111117;r.tucker@randatmail.com
Caroline Henderson;1975-08-12;(+57) 312 324 87 80;Blackberry Street 9065;30569309025904;c.henderson@randatmail.com
Michael Smith;1975-08-12;(+57) 318 814 98 26;Blackberry Street 9066;371449635398431;m.smith@randatmail.com
Hailey Richards;1975-08-12;(+57) 312 324 87 80;Blackberry Street 9067;4111111111111111;h.richards@randatmail.com
Amanda Stewart;1975-08-12;(+57) 318 814 98 26;Blackberry Street 9068;5555555555554444;a.stewart@randatmail.com
Victoria Cunningham;1975-08-12;(+57) 312 324 87 80;Blackberry Street 9069;3530111333300000;v.cunningham@randatmail.com
Jacob Baker;1975-08-12;(+57) 318 814 98 26;Blackberry Street 9070;6011111111111117;j.baker@randatmail.com
Freddie Evans;1975-08-12;(+57) 312 324 87 80;Blackberry Street 9071;30569309025904;f.evans@randatmail.com
Mary Williams;1975-08-12;(+57) 318 814 98 26;Blackberry Street 9072;371449635398431;m.williams@randatmail.com
Blake Wells;1975-08-12;(+57) 312 324 87 80;Blackberry Street 9073;4111111111111111;b.wells@randatmail.com
Edward Harper;1975-08-12;(+57) 318 814 98 26;Blackberry Street 9074;5555555555554444;e.harper@randatmail.com
Kevin Brown;1975-08-12;(+57) 312 324 87 80;Blackberry Street 9075;3530111333300000;k.brown@randatmail.com
Kevin Johnston;1975-08-12;(+57) 318 814 98 26;Blackberry Street 9076;6011111111111117;k.johnston@randatmail.com
Roman Lloyd;1975-08-12;(+57) 312 324 87 80;Blackberry Street 9077;30569309025904;r.lloyd@randatmail.com
Haris Bennett;1975-08-12;(+57) 318 814 98 26;Blackberry Street 9078;371449635398431;h.bennett@randatmail.com
William Warren;1975-08-12;(+57) 312 324 87 80;Blackberry Street 9079;4111111111111111;w.warren@randatmail.com
Deanna Bennett;1975-08-12;(+57) 318 814 98 26;Blackberry Street 9080;5555555555554444;d.bennett@randatmail.com
Vanessa Adams;1975-08-12;(+57) 312 324 87 80;Blackberry Street 9081;3530111333300000;v.adams@randatmail.com
Oscar Stewart;1975-08-12;(+57) 318 814 98 26;Blackberry Street 9082;6011111111111117;o.stewart@randatmail.com
Carl Barrett;1975-08-12;(+57) 312 324 87 80;Blackberry Street 9083;30569309025904;c.barrett@randatmail.com
Marcus Ferguson;1975-08-12;(+57) 318 814 98 26;Blackberry Street 9084;371449635398431;m.ferguson@randatmail.com
Tara Spencer;1975-08-12;(+57) 312 324 87 80;Blackberry Street 9085;4111111111111111;t.spencer@randatmail.com
Camila Johnston;1975-08-12;(+57) 318 814 98 26;Blackberry Street 9086;5555555555554444;c.johnston@randatmail.com
Rosie Bennett;1975-08-12;(+57) 312 324 87 80;Blackberry Street 9087;3530111333300000;r.bennett@randatmail.com
Arnold Walker;1975-08-12;(+57) 318 814 98 26;Blackberry Street 9088;6011111111111117;a.walker@randatmail.com
Rubie Kelley;1975-08-12;(+57) 312 324 87 80;Blackberry Street 9089;30569309025904;r.kelley@randatmail.com
Aldus Hawkins;1975-08-12;(+57) 318 814 98 26;Blackberry Street 9090;371449635398431;a.hawkins@randatmail.com
George Chapman;1975-08-12;(+57) 312 324 87 80;Blackberry Street 9091;4111111111111111;g.chapman@randatmail.com
Sophia Edwards;1975-08-12;(+57) 318 814 98 26;Blackberry Street 9092;5555555555554444;s.edwards@randatmail.com
Carl Phillips;1975-08-12;(+57) 312 324 87 80;Blackberry Street 9093;3530111333300000;c.phillips@randatmail.com
Ryan Harper;1975-08-12;(+57) 318 814 98 26;Blackberry Street 9094;6011111111111117;r.harper@randatmail.com
Valeria Elliott;1975-08-12;(+57) 312 324 87 80;Blackberry Street 9095;30569309025904;v.elliott@randatmail.com
Jack Adams;1975-08-12;(+57) 318 814 98 26;Blackberry Street 9096;371449635398431;j.adams@randatmail.com
Tony Ellis;1975-08-12;(+57) 312 324 87 80;Blackberry Street 9097;4111111111111111;t.ellis@randatmail.com
Ellia Reed;1975-08-12;(+57) 318 814 98 26;Blackberry Street 9098;5555555555554444;e.reed@randatmail.com
Audrey Hunt;1975-08-12;(+57) 312 324 87 80;Blackberry Street 9099;3530111333300000;a.hunt@randatmail.com
Amelia Allen;1975-08-12;(+57) 318 814 98 26;Blackberry Street 9100;6011111111111117;a.allen@randatmail.com
Honey Miller;1975-08-12;(+57) 312 324 87 80;Blackberry Street 9101;30569309025904;h.miller@randatmail.com
Adison Carter;1975-08-12;(+57) 318 814 98 26;Blackberry Street 9102;371449635398431;a.carter@randatmail.com
Alina West;1975-08-12;(+57) 312 324 87 80;Blackberry Street 9103;4111111111111111;a.west@randatmail.com
Sawyer Baker;1975-08-12;(+57) 318 814 98 26;Blackberry Street 9104;5555555555554444;s.baker@randatmail.com
Brooke Campbell;1975-08-12;(+57) 312 324 87 80;Blackberry Street 9105;3530111333300000;b.campbell@randatmail.com
Lucy Higgins;1975-08-12;(+57) 318 814 98 26;Blackberry Street 9106;6011111111111117;l.higgins@randatmail.com
Kate Nelson;1975-08-12;(+57) 312 324 87 80;Blackberry Street 9107;30569309025904;k.nelson@randatmail.com
Maximilian Williams;1975-08-12;(+57) 318 814 98 26;Blackberry Street 9108;371449635398431;m.williams@randatmail.com
Kimberly Cole;1975-08-12;(+57) 312 324 87 80;Blackberry Street 9109;4111111111111111;k.cole@randatmail.com
Blake Perry;1975-08-12;(+57) 318 814 98 26;Blackberry Street 9110;5555555555554444;b.perry@randatmail.com
Aston Murphy;1975-08-12;(+57) 312 324 87 80;Blackberry Street 9111;3530111333300000;a.murphy@randatmail.com
Edwin Elliott;1975-08-12;(+57) 318 814 98 26;Blackberry Street 9112;6011111111111117;e.elliott@randatmail.com
Walter Douglas;1975-08-12;(+57) 312 324 87 80;Blackberry Street 9113;30569309025904;w.douglas@randatmail.com
Maria Jones;1975-08-12;(+57) 318 814 98 26;Blackberry Street 9114;371449635398431;m.jones@randatmail.com
Connie Campbell;1975-08-12;(+57) 312 324 87 80;Blackberry Street 9115;4111111111111111;c.campbell@randatmail.com
Agata Hunt;1975-08-12;(+57) 318 814 98 26;Blackberry Street 9116;5555555555554444;a.hunt@randatmail.com
Thomas Russell;1975-08-12;(+57) 312 324 87 80;Blackberry Street 9117;3530111333300000;t.russell@randatmail.com
Mary Nelson;1975-08-12;(+57) 318 814 98 26;Blackberry Street 9118;6011111111111117;m.nelson@randatmail.com
Maddie Richards;1975-08-12;(+57) 312 324 87 80;Blackberry Street 9119;30569309025904;m.richards@randatmail.com
Roman Payne;1975-08-12;(+57) 318 814 98 26;Blackberry Street 9120;371449635398431;r.payne@randatmail.com
Lydia Farrell;1975-08-12;(+57) 312 324 87 80;Blackberry Street 9121;4111111111111111;l.farrell@randatmail.com
Abigail Riley;1975-08-12;(+57) 318 814 98 26;Blackberry Street 9122;5555555555554444;a.riley@randatmail.com
Spike Miller;1975-08-12;(+57) 312 324 87 80;Blackberry Street 9123;3530111333300000;s.miller@randatmail.com
Julia Murphy;1975-08-12;(+57) 318 814 98 26;Blackberry Street 9124;6011111111111117;j.murphy@randatmail.com
Robert Myers;1975-08-12;(+57) 312 324 87 80;Blackberry Street 9125;30569309025904;r.myers@randatmail.com
Nicole Ellis;1975-08-12;(+57) 318 814 98 26;Blackberry Street 9126;371449635398431;n.ellis@randatmail.com
Cadie Higgins;1975-08-12;(+57) 312 324 87 80;Blackberry Street 9127;4111111111111111;c.higgins@randatmail.com
Adrian Clark;1975-08-12;(+57) 318 814 98 26;Blackberry Street 9128;5555555555554444;a.clark@randatmail.com
Derek Grant;1975-08-12;(+57) 312 324 87 80;Blackberry Street 9129;3530111333300000;d.grant@randatmail.com
Alissa Armstrong;1975-08-12;(+57) 318 814 98 26;Blackberry Street 9130;6011111111111117;a.armstrong@randatmail.com
Savana Gibson;1975-08-12;(+57) 312 324 87 80;Blackberry Street 9131;30569309025904;s.gibson@randatmail.com
Victor Perry;1975-08-12;(+57) 318 814 98 26;Blackberry Street 9132;371449635398431;v.perry@randatmail.com
Alexander Crawford;1975-08-12;(+57) 312 324 87 80;Blackberry Street 9133;4111111111111111;a.crawford@randatmail.com
Walter Scott;1975-08-12;(+57) 318 814 98 26;Blackberry Street 9134;5555555555554444;w.scott@randatmail.com
Emily Cooper;1975-08-12;(+57) 312 324 87 80;Blackberry Street 9135;3530111333300000;e.cooper@randatmail.com
Thomas Williams;1975-08-12;(+57) 318 814 98 26;Blackberry Street 9136;6011111111111117;t.williams@randatmail.com
Amber Grant;1975-08-12;(+57) 312 324 87 80;Blackberry Street 9137;30569309025904;a.grant@randatmail.com
Kellan Bennett;1975-08-12;(+57) 318 814 98 26;Blackberry Street 9138;371449635398431;k.bennett@randatmail.com
Adrian Brooks;1975-08-12;(+57) 312 324 87 80;Blackberry Street 9139;4111111111111111;a.brooks@randatmail.com
Naomi Robinson;1975-08-12;(+57) 318 814 98 26;Blackberry Street 9140;5555555555554444;n.robinson@randatmail.com
Brad Montgomery;1975-08-12;(+57) 312 324 87 80;Blackberry Street 9141;3530111333300000;b.montgomery@randatmail.com
Steven Martin;1975-08-12;(+57) 318 814 98 26;Blackberry Street 9142;6011111111111117;s.martin@randatmail.com
Lydia Wright;1975-08-12;(+57) 312 324 87 80;Blackberry Street 9143;30569309025904;l.wright@randatmail.com
Ashton Douglas;1975-08-12;(+57) 318 814 98 26;Blackberry Street 9144;371449635398431;a.douglas@randatmail.com
Miranda Ryan;1975-08-12;(+57) 312 324 87 80;Blackberry Street 9145;4111111111111111;m.ryan@randatmail.com
George Thompson;1975-08-12;(+57) 318 814 98 26;Blackberry Street 9146;5555555555554444;g.thompson@randatmail.com
Alina Thomas;1975-08-12;(+57) 312 324 87 80;Blackberry Street 9147;3530111333300000;a.thomas@randatmail.com
Freddie Kelley;1975-08-12;(+57) 318 814 98 26;Blackberry Street 9148;6011111111111117;f.kelley@randatmail.com
Arthur Harrison;1975-08-12;(+57) 312 324 87 80;Blackberry Street 9149;30569309025904;a.harrison@randatmail.com
Madaline Carroll;1975-08-12;(+57) 318 814 98 26;Blackberry Street 9150;371449635398431;m.carroll@randatmail.com
Rebecca Higgins;1975-08-12;(+57) 312 324 87 80;Blackberry Street 9151;4111111111111111;r.higgins@randatmail.com
Miller Warren;1975-08-12;(+57) 318 814 98 26;Blackberry Street 9152;5555555555554444;m.warren@randatmail.com
Michelle Moore;1975-08-12;(+57) 312 324 87 80;Blackberry Street 9153;3530111333300000;m.moore@randatmail.com
Tess Stevens;1975-08-12;(+57) 318 814 98 26;Blackberry Street 9154;6011111111111117;t.stevens@randatmail.com
Oliver Myers;1975-08-12;(+57) 312 324 87 80;Blackberry Street 9155;30569309025904;o.myers@randatmail.com
Emma Parker;1975-08-12;(+57) 318 814 98 26;Blackberry Street 9156;371449635398431;e.parker@randatmail.com
Kimberly Higgins;1975-08-12;(+57) 312 324 87 80;Blackberry Street 9157;4111111111111111;k.higgins@randatmail.com
Rafael Barnes;1975-08-12;(+57) 318 814 98 26;Blackberry Street 9158;5555555555554444;r.barnes@randatmail.com
Valeria Martin;1975-08-12;(+57) 312 324 87 80;Blackberry Street 9159;3530111333300000;v.martin@randatmail.com
Amber Payne;1975-08-12;(+57) 318 814 98 26;Blackberry Street 9160;6011111111111117;a.payne@randatmail.com
Naomi Murray;1975-08-12;(+57) 312 324 87 80;Blackberry Street 9161;30569309025904;n.murray@randatmail.com
Alexia Bailey;1975-08-12;(+57) 318 814 98 26;Blackberry Street 9162;371449635398431;a.bailey@randatmail.com
Ryan Gibson;1975-08-12;(+57) 312 324 87 80;Blackberry Street 9163;4111111111111111;r.gibson@randatmail.com
Arthur Elliott;1975-08-12;(+57) 318 814 98 26;Blackberry Street 9164;5555555555554444;a.elliott@randatmail.com
Sabrina Davis;1975-08-12;(+57) 312 324 87 80;Blackberry Street 9165;3530111333300000;s.davis@randatmail.com
Jasmine Hawkins;1975-08-12;(+57) 318 814 98 26;Blackberry Street 9166;6011111111111117;j.hawkins@randatmail.com
Rebecca Perry;1975-08-12;(+57) 312 324 87 80;Blackberry Street 9167;30569309025904;r.perry@randatmail.com
Eric Jones;1975-08-12;(+57) 318 814 98 26;Blackberry Street 9168;371449635398431;e.jones@randatmail.com
Darcy Parker;1975-08-12;(+57) 312 324 87 80;Blackberry Street 9169;4111111111111111;d.parker@randatmail.com
Alen Harrison;1975-08-12;(+57) 318 814 98 26;Blackberry Street 9170;5555555555554444;a.harrison@randatmail.com
Lucas West;1975-08-12;(+57) 312 324 87 80;Blackberry Street 9171;3530111333300000;l.west@randatmail.com
Kirsten Tucker;1975-08-12;(+57) 318 814 98 26;Blackberry Street 9172;6011111111111117;k.tucker@randatmail.com
Honey Barrett;1975-08-12;(+57) 312 324 87 80;Blackberry Street 9173;30569309025904;h.barrett@randatmail.com
Elian Wells;1975-08-12;(+57) 318 814 98 26;Blackberry Street 9174;371449635398431;e.wells@randatmail.com
Chester Murphy;1975-08-12;(+57) 312 324 87 80;Blackberry Street 9175;4111111111111111;c.murphy@randatmail.com
James Harris;1975-08-12;(+57) 318 814 98 26;Blackberry Street 9176;5555555555554444;j.harris@randatmail.com
Naomi Jones;1975-08-12;(+57) 312 324 87 80;Blackberry Street 9177;3530111333300000;n.jones@randatmail.com
Cadie Russell;1975-08-12;(+57) 318 814 98 26;Blackberry Street 9178;6011111111111117;c.russell@randatmail.com
Dainton Harrison;1975-08-12;(+57) 312 324 87 80;Blackberry Street 9179;30569309025904;d.harrison@randatmail.com
Elise Cameron;1975-08-12;(+57) 318 814 98 26;Blackberry Street 9180;371449635398431;e.cameron@randatmail.com
Carina Barnes;1975-08-12;(+57) 312 324 87 80;Blackberry Street 9181;4111111111111111;c.barnes@randatmail.com
Amy Moore;1975-08-12;(+57) 318 814 98 26;Blackberry Street 9182;5555555555554444;a.moore@randatmail.com
Michelle Stewart;1975-08-12;(+57) 312 324 87 80;Blackberry Street 9183;3530111333300000;m.stewart@randatmail.com
Abraham Bailey;1975-08-12;(+57) 318 814 98 26;Blackberry Street 9184;6011111111111117;a.bailey@randatmail.com
Aida Edwards;1975-08-12;(+57) 312 324 87 80;Blackberry Street 9185;30569309025904;a.edwards@randatmail.com
Briony Baker;1975-08-12;(+57) 318 814 98 26;Blackberry Street 9186;371449635398431;b.baker@randatmail.com
Tony Cooper;1975-08-12;(+57) 312 324 87 80;Blackberry Street 9187;4111111111111111;t.cooper@randatmail.com
Frederick Harrison;1975-08-12;(+57) 318 814 98 26;Blackberry Street 9188;5555555555554444;f.harrison@randatmail.com
Michael Edwards;1975-08-12;(+57) 312 324 87 80;Blackberry Street 9189;3530111333300000;m.edwards@randatmail.com
Olivia Owens;1975-08-12;(+57) 318 814 98 26;Blackberry Street 9190;6011111111111117;o.owens@randatmail.com
Steven Dixon;1975-08-12;(+57) 312 324 87 80;Blackberry Street 9191;30569309025904;s.dixon@randatmail.com
Caroline Hunt;1975-08-12;(+57) 318 814 98 26;Blackberry Street 9192;371449635398431;c.hunt@randatmail.com
Alissa Davis;1975-08-12;(+57) 312 324 87 80;Blackberry Street 9193;4111111111111111;a.davis@randatmail.com
Roman Perry;1975-08-12;(+57) 318 814 98 26;Blackberry Street 9194;5555555555554444;r.perry@randatmail.com
Charlotte Morgan;1975-08-12;(+57) 312 324 87 80;Blackberry Street 9195;3530111333300000;c.morgan@randatmail.com
Paige Casey;1975-08-12;(+57) 318 814 98 26;Blackberry Street 9196;6011111111111117;p.casey@randatmail.com
Sarah Bennett;1975-08-12;(+57) 312 324 87 80;Blackberry Street 9197;30569309025904;s.bennett@randatmail.com
Catherine Phillips;1975-08-12;(+57) 318 814 98 26;Blackberry Street 9198;371449635398431;c.phillips@randatmail.com
Alissa Campbell;1975-08-12;(+57) 312 324 87 80;Blackberry Street 9199;4111111111111111;a.campbell@randatmail.com
James Edwards;1975-08-12;(+57) 318 814 98 26;Blackberry Street 9200;5555555555554444;j.edwards@randatmail.com
