Names;Date of Birth;Phone;Address;Credit Card;Email
Vivian Walker;1981-06-17;(+57) 318 814 98 10;Havanna Street 1001;4111111111111111;v.walker@randatmail.com
Amber Martin;1982-06-10;(+57) 315 814 76 10;Havanna Street 1002;5555555555554444;a.martin@randatmail.com
Chester Johnston;1981-06-18;(+57) 312 324 87 65;Havanna Street 1003;3530111333300000;c.johnston@randatmail.com
Dale Thomas;1982-06-11;(+57) 318 814 98 11;Havanna Street 1004;6011111111111117;d.thomas@randatmail.com
Natalie Rogers;1981-06-19;(+57) 315 814 76 11;Havanna Street 1005;30569309025904;n.rogers@randatmail.com
Savana Foster;1982-06-12;(+57) 312 324 87 66;Havanna Street 1006;371449635398431;s.foster@randatmail.com
Aldus Higgins;1981-06-20;(+57) 318 814 98 12;Havanna Street 1007;4111111111111111;a.higgins@randatmail.com
Deanna Wells;1981-06-18;(+57) 315 814 76 12;Havanna Street 1008;5555555555554444;d.wells@randatmail.com
Valeria Wilson;1982-06-11;(+57) 312 324 87 67;Havanna Street 1009;3530111333300000;v.wilson@randatmail.com
Oscar Mason;1981-06-19;(+57) 318 814 98 13;Havanna Street 1010;6011111111111117;o.mason@randatmail.com
Emily Murphy;1982-06-12;(+57) 315 814 76 13;Havanna Street 1011;30569309025904;e.murphy@randatmail.com
Henry Moore;1981-06-20;(+57) 312 324 87 68;Havanna Street 1012;371449635398431;h.moore@randatmail.com
Alberta Spencer;1982-06-13;(+57) 318 814 98 14;Havanna Street 1013;4111111111111111;a.spencer@randatmail.com
Kimberly Jones;1981-06-21;(+57) 315 814 76 14;Havanna Street 1014;5555555555554444;k.jones@randatmail.com
Cherry Elliott;1981-06-19;(+57) 312 324 87 69;Havanna Street 1015;3530111333300000;c.elliott@randatmail.com
Jenna Anderson;1982-06-12;(+57) 318 814 98 15;Havanna Street 1016;6011111111111117;j.anderson@randatmail.com
Vincent Armstrong;1981-06-20;(+57) 315 814 76 15;Havanna Street 1017;30569309025904;v.armstrong@randatmail.com
Frederick Turner;1982-06-13;(+57) 312 324 87 70;Havanna Street 1018;371449635398431;f.turner@randatmail.com
Sydney Cameron;1981-06-21;(+57) 318 814 98 16;Havanna Street 1019;4111111111111111;s.cameron@randatmail.com
Belinda Grant;1982-06-14;(+57) 315 814 76 16;Havanna Street 1020;5555555555554444;b.grant@randatmail.com
Catherine Cole;1981-06-22;(+57) 312 324 87 71;Havanna Street 1021;3530111333300000;c.cole@randatmail.com
Ted Grant;1981-06-20;(+57) 318 814 98 17;Havanna Street 1022;6011111111111117;t.grant@randatmail.com
Kevin Parker;1982-06-13;(+57) 315 814 76 17;Havanna Street 1023;30569309025904;k.parker@randatmail.com
Alissa Adams;1981-06-21;(+57) 312 324 87 72;Havanna Street 1024;371449635398431;a.adams@randatmail.com
Catherine Andrews;1982-06-14;(+57) 318 814 98 18;Havanna Street 1025;4111111111111111;c.andrews@randatmail.com
Naomi Davis;1981-06-22;(+57) 315 814 76 18;Havanna Street 1026;5555555555554444;n.davis@randatmail.com
James West;1982-06-15;(+57) 312 324 87 73;Havanna Street 1027;3530111333300000;j.west@randatmail.com
Lucia Brooks;1981-06-23;(+57) 318 814 98 19;Havanna Street 1028;6011111111111117;l.brooks@randatmail.com
Edith Morrison;1981-06-21;(+57) 315 814 76 19;Havanna Street 1029;30569309025904;e.morrison@randatmail.com
Tyler Ryan;1982-06-14;(+57) 312 324 87 74;Havanna Street 1030;371449635398431;t.ryan@randatmail.com
Emily Russell;1981-06-22;(+57) 318 814 98 20;Havanna Street 1031;4111111111111111;e.russell@randatmail.com
Blake Barrett;1982-06-15;(+57) 315 814 76 20;Havanna Street 1032;5555555555554444;b.barrett@randatmail.com
Adelaide Higgins;1981-06-23;(+57) 312 324 87 75;Havanna Street 1033;3530111333300000;a.higgins@randatmail.com
Victoria Allen;1982-06-16;(+57) 318 814 98 21;Havanna Street 1034;6011111111111117;v.allen@randatmail.com
Dainton Nelson;1981-06-24;(+57) 315 814 76 21;Havanna Street 1035;30569309025904;d.nelson@randatmail.com
Eleanor Reed;1981-06-22;(+57) 312 324 87 76;Havanna Street 1036;371449635398431;e.reed@randatmail.com
Martin Watson;1982-06-15;(+57) 318 814 98 22;Havanna Street 1037;4111111111111111;m.watson@randatmail.com
Lucy Wright;1981-06-23;(+57) 315 814 76 22;Havanna Street 1038;5555555555554444;l.wright@randatmail.com
Ryan Tucker;1982-06-16;(+57) 312 324 87 77;Havanna Street 1039;3530111333300000;r.tucker@randatmail.com
Cadie Henderson;1981-06-24;(+57) 318 814 98 23;Havanna Street 1040;6011111111111117;c.henderson@randatmail.com
Arthur Murray;1982-06-17;(+57) 315 814 76 23;Havanna Street 1041;30569309025904;a.murray@randatmail.com
Ashton Carroll;1981-06-25;(+57) 312 324 87 78;Havanna Street 1042;371449635398431;a.carroll@randatmail.com
Lucas Murphy;1981-06-23;(+57) 318 814 98 24;Havanna Street 1043;4111111111111111;l.murphy@randatmail.com
Amy Carroll;1982-06-16;(+57) 315 814 76 24;Havanna Street 1044;5555555555554444;a.carroll@randatmail.com
Rebecca Ferguson;1981-06-24;(+57) 312 324 87 79;Havanna Street 1045;3530111333300000;r.ferguson@randatmail.com
Martin Mitchell;1982-06-17;(+57) 318 814 98 25;Havanna Street 1046;6011111111111117;m.mitchell@randatmail.com
Adrianna Murphy;1981-06-25;(+57) 315 814 76 25;Havanna Street 1047;30569309025904;a.murphy@randatmail.com
Sydney Wright;1982-06-18;(+57) 312 324 87 80;Havanna Street 1048;371449635398431;s.wright@randatmail.com
Rubie Richardson;1981-06-26;(+57) 318 814 98 26;Havanna Street 1049;4111111111111111;r.richardson@randatmail.com
Melanie Payne;1981-06-24;(+57) 315 814 76 26;Havanna Street 1050;5555555555554444;m.payne@randatmail.com
