Names;Date of Birth;Phone;Address;Credit Card;Email
Ryan Thompson;1990-03-15;(+57) 318 814 98 15;Coconut Street 8080;5555555555554444;r.thompson@randatmail.com
Charlotte Barnes;1991-09-16;(+57) 315 814 76 16;Coconut Street 8081;3530111333300000;c.barnes@randatmail.com
Sarah Perkins;1990-03-16;(+57) 318 814 98 16;Coconut Street 8082;6011111111111117;s.perkins@randatmail.com
Ada Turner;1991-09-17;(+57) 315 814 76 17;Coconut Street 8083;30569309025904;a.turner@randatmail.com
Amber Wells;1990-03-17;(+57) 318 814 98 17;Coconut Street 8084;30569309025904;a.wells@randatmail.com
